drug_row,drug_col,cell_line_name,synergy_loewe
1938,3297,51,-8.11053580846641
1938,595,51,-2.458490949711268
1938,3361,51,-10.540837525423754
1938,4175,51,-4.485098360072627
1938,2852,51,-13.015461616232486
642,1938,51,-5.3721960005462135
642,3297,51,-9.14723640960138
642,595,51,-4.887022074826781
642,3361,51,-10.29147009867516
642,4175,51,-1.615577574874303
642,2852,51,-12.443606265188237
555,1938,51,-3.816088573780044
555,642,51,-4.112395143221249
555,2088,51,-10.43080391329586
555,4174,51,-8.614038063675684
555,3297,51,12.1140790244701
555,595,51,-6.687721304904511
555,4172,51,-2.51371372648223
555,307,51,-3.671797582233932
555,3361,51,3.888640612084959
555,604,51,-7.060516320060171
555,263,51,-4.77873385424706
555,4175,51,-0.490351070292045
555,2852,51,-3.30531649997256
555,4176,51,-4.5628814940575335
4173,1938,51,0.1792784652270861
4173,642,51,-0.2893765397261825
4173,555,51,0.2049206233840021
4173,340,51,-5.862750835586505
4173,2088,51,-6.003660217120863
4173,4174,51,-3.1905633666139974
4173,430,51,-0.1667917964341848
4173,377,51,-15.9695503413733
4173,3297,51,-1.3341642618668674
4173,595,51,0.7228484896628321
4173,4172,51,-1.140453615169275
4173,307,51,-3.0981651518086686
4173,3361,51,-2.6962277240111407
4173,604,51,-3.214115114536966
4173,263,51,2.8052419650158305
4173,4175,51,2.46529457137292
4173,2852,51,-2.393900039890875
4173,4176,51,-6.220000079265146
340,1938,51,-2.979642905302068
340,642,51,1.6908642541553935
340,555,51,-3.8252870938684898
340,2088,51,1.4415433962883804
340,4174,51,7.020512658029271
340,430,51,-4.820615604096436
340,377,51,10.22495427615488
340,3297,51,-9.751670413776596
340,595,51,1.96672711476451
340,4172,51,-9.234441472851366
340,307,51,-1.1825380290695149
340,3361,51,-8.3190528564099
340,604,51,-5.278564924902331
340,263,51,-4.05220473161012
340,4175,51,15.382836652920911
340,2852,51,-13.91559825320117
340,4176,51,-23.768244414471265
2088,1938,51,-5.595876070955892
2088,642,51,-10.062090487115022
2088,4174,51,1.8190534807812424
2088,3297,51,-16.485871980810053
2088,595,51,0.0146075552126467
2088,3361,51,-8.41915454054719
2088,604,51,-8.015582054140522
2088,263,51,-10.060350715242947
2088,4175,51,1.822048285494992
2088,2852,51,-17.201758770055424
4174,1938,51,-5.872804032324567
4174,642,51,-7.577421040656422
4174,3297,51,-16.115156028782707
4174,595,51,-2.7815104465470832
4174,3361,51,-8.54254869766552
4174,604,51,-7.352269276169611
4174,263,51,-10.729779667250943
4174,4175,51,-0.057578671305124
4174,2852,51,-12.890793037060169
430,1938,51,-5.734936421703647
430,642,51,-6.440452312291191
430,555,51,-4.573764325692329
430,2088,51,-14.113132768566526
430,4174,51,-11.659077104965805
430,3297,51,-6.175546748667313
430,595,51,-8.46025986685025
430,4172,51,-5.460228766914551
430,307,51,-4.38325800160845
430,3361,51,-2.248903574844264
430,604,51,-10.513027738487809
430,263,51,-4.0614544986784615
430,4175,51,4.977914551837007
430,2852,51,-8.744496796487589
430,4176,51,-6.995033498875977
377,1938,51,-3.93649679936
377,642,51,-3.129336407449359
377,555,51,-8.022335191066427
377,2088,51,-0.962847577827098
377,4174,51,-2.778652576463173
377,430,51,-10.14835690615336
377,3297,51,-12.070656870773815
377,595,51,-3.788809719205105
377,4172,51,-9.830002107208063
377,307,51,6.07580666109299
377,3361,51,-6.249858392425637
377,604,51,-12.724990028354142
377,263,51,-5.05262643203545
377,4175,51,10.854076031755408
377,2852,51,-16.547198064870773
377,4176,51,-26.510501841951136
3297,595,51,-9.737334196860722
3297,3361,51,0.7107694607250108
595,3361,51,-8.364266008909501
4172,1938,51,-11.932762935758568
4172,642,51,-7.316474869229007
4172,2088,51,-9.313370488558448
4172,4174,51,-10.013602200862726
4172,3297,51,-4.255757140221449
4172,595,51,-10.539593667649935
4172,3361,51,-1.135516633013864
4172,604,51,-9.267664286055412
4172,263,51,-8.753997849812876
4172,4175,51,-5.36829999991597
4172,2852,51,-6.783874890655556
307,1938,51,-6.23742711024397
307,642,51,-4.792378511318996
307,555,51,5.751036283916571
307,4173,51,-4.036770190767557
307,2088,51,2.805244991144876
307,4174,51,-3.079864628202211
307,377,51,3.319619195620515
307,3297,51,-2.0356224196148567
307,595,51,-6.962071362738714
307,4172,51,-3.065805216063303
307,3361,51,-0.2979007597107245
307,604,51,-10.55876183487195
307,263,51,-4.251267189782363
307,4175,51,0.853305554370021
307,2852,51,-3.486263024937716
307,4176,51,-16.004417940689635
604,1938,51,-7.985708051350603
604,642,51,-8.218334010253844
604,3297,51,-6.794262843276423
604,595,51,-9.10759301377694
604,3361,51,-10.99564756774203
604,4175,51,-7.488879757222787
604,2852,51,-8.298277820473674
263,1938,51,-4.43577662903837
263,642,51,-7.4019732187025085
263,3297,51,-8.160292402238033
263,595,51,-2.100367366183885
263,3361,51,-5.834306859722765
263,604,51,-6.071456665705574
263,4175,51,0.1609046240249142
263,2852,51,-5.427012531579508
4175,3297,51,-2.8152531508811216
4175,595,51,-4.054417392587233
4175,3361,51,2.3415202842679745
4175,2852,51,-7.244348130319759
2852,3297,51,-6.439947500469769
2852,595,51,-11.761584369394372
2852,3361,51,-6.676315949447718
4176,1938,51,-15.47995764254703
4176,642,51,-15.94264156296546
4176,2088,51,-26.40764528512385
4176,4174,51,-23.579448231912124
4176,3297,51,3.0101892016635188
4176,595,51,-18.423541543009573
4176,4172,51,-3.3311227928692824
4176,3361,51,-11.168164496860197
4176,604,51,-10.484335734882825
4176,263,51,-8.903479934048727
4176,4175,51,-18.96733057592314
4176,2852,51,0.4778980897598812
1938,3297,150,-10.572554405779456
1938,595,150,-10.011176409078596
1938,3361,150,-12.422118743801434
1938,4175,150,-10.273117056440617
1938,2852,150,-6.744580655699822
642,1938,150,-4.3193839232605775
642,3297,150,-8.461362190153613
642,595,150,-7.103150087697816
642,3361,150,-9.724254592394836
642,4175,150,1.12599821844939
642,2852,150,-6.397616988880633
555,1938,150,-4.323245849928737
555,642,150,-6.494211739130996
555,2088,150,-9.947997569443665
555,4174,150,-13.250120286722908
555,3297,150,1.6453137807412794
555,595,150,-8.841697962660794
555,4172,150,-9.76618711667345
555,307,150,2.942382228420982
555,3361,150,-2.135381035972231
555,604,150,-10.896729401242377
555,263,150,-3.0717907143048104
555,4175,150,-1.13357538457531
555,2852,150,0.8049175261211712
555,4176,150,-1.263642192515681
4173,1938,150,2.442078185099932
4173,642,150,2.25222138433734
4173,555,150,-3.588723033353644
4173,340,150,-15.399349414798616
4173,2088,150,0.8013519619290492
4173,4174,150,-6.198685452276689
4173,430,150,-6.741782762168941
4173,377,150,-36.43428113140615
4173,3297,150,0.3203354471587322
4173,595,150,-6.2482055680720565
4173,4172,150,-0.7951122045166334
4173,307,150,2.475887966989623
4173,3361,150,-1.1486555425583018
4173,604,150,-6.165092645098113
4173,263,150,2.191748613688604
4173,4175,150,2.8370999759573
4173,2852,150,-2.9241314407485937
4173,4176,150,-4.784319811553494
340,1938,150,-8.019244808581952
340,642,150,0.4884509730366934
340,555,150,-13.3275577332932
340,2088,150,1.1491744362153424
340,4174,150,-0.5724324702557335
340,430,150,2.09737924965018
340,377,150,29.15117149269572
340,3297,150,-9.121584330022312
340,595,150,-4.95721255173123
340,4172,150,-9.688535822076114
340,307,150,-10.309053463731251
340,3361,150,-10.11911023927274
340,604,150,-2.307747002603447
340,263,150,-7.204860643035253
340,4175,150,1.9126236511031025
340,2852,150,-18.71411907282567
340,4176,150,-21.858514096527983
2088,1938,150,-6.3103852302422
2088,642,150,-2.261708958371268
2088,4174,150,0.2699275515929774
2088,3297,150,-4.07082219681674
2088,595,150,-2.763971730058456
2088,3361,150,-3.3884222839815585
2088,604,150,-11.158048521003051
2088,263,150,-6.5043902614526194
2088,4175,150,5.694310576187086
2088,2852,150,-5.039557020220115
4174,1938,150,-11.6919291874159
4174,642,150,-7.898299022337276
4174,3297,150,-10.126796183198072
4174,595,150,-4.296040136155416
4174,3361,150,-7.726859621748981
4174,604,150,-11.522114276192388
4174,263,150,-8.333223806812152
4174,4175,150,4.998665530621279
4174,2852,150,0.50365334571098
430,1938,150,-13.867814998515213
430,642,150,-4.939513014509135
430,555,150,-16.17176097161128
430,2088,150,-2.611167599873884
430,4174,150,-8.994612549918042
430,3297,150,-6.398184931000796
430,595,150,-14.289158024993924
430,4172,150,-4.225416550244472
430,307,150,-3.382036540876376
430,3361,150,-7.612792942893861
430,604,150,-12.386391732093925
430,263,150,-10.205864582158846
430,4175,150,5.262205576101296
430,2852,150,-5.922601648786132
430,4176,150,-11.06890510121064
377,1938,150,-9.457717318187065
377,642,150,-5.387896467161718
377,555,150,-16.83924142140275
377,2088,150,2.5526726255837846
377,4174,150,-8.732573244126234
377,430,150,-2.9108483033205315
377,3297,150,-4.31175550533341
377,595,150,-14.047646514461716
377,4172,150,-1.7826286579568438
377,307,150,1.7574112287304666
377,3361,150,-1.568360565518935
377,604,150,-10.801261090910684
377,263,150,-9.745003172800995
377,4175,150,3.5739880998510287
377,2852,150,-9.662597744721737
377,4176,150,-15.140049561843668
3297,595,150,-10.020768214885644
3297,3361,150,-2.512810590937132
595,3361,150,-10.425854258628744
4172,1938,150,-13.242150821559711
4172,642,150,-8.539926044352375
4172,2088,150,-0.0787623999327124
4172,4174,150,-10.659433446048862
4172,3297,150,-9.743820504086155
4172,595,150,-10.076331196780467
4172,3361,150,-6.375281448372252
4172,604,150,-14.330682171488528
4172,263,150,-6.531053845363637
4172,4175,150,-1.8393957199979705
4172,2852,150,-3.402000763190596
307,1938,150,-3.606922123736368
307,642,150,-2.00051698402246
307,555,150,16.95241742516516
307,4173,150,5.304060497269153
307,2088,150,8.425304013329301
307,4174,150,-1.0861501226045456
307,377,150,-6.09467525042319
307,3297,150,4.340150031479215
307,595,150,-10.029396618758136
307,4172,150,-1.889062780198087
307,3361,150,-0.3267579535476574
307,604,150,-6.811383407213214
307,263,150,-4.011311355540697
307,4175,150,5.213810185934698
307,2852,150,-4.993057789330311
307,4176,150,-8.215853235309067
604,1938,150,-7.903052645988742
604,642,150,-6.220051276397636
604,3297,150,-10.843551956973576
604,595,150,-9.973786780231832
604,3361,150,-12.708955461452684
604,4175,150,0.1704899489831647
604,2852,150,-11.540691765337678
263,1938,150,-12.64770223565003
263,642,150,-13.5229015189206
263,3297,150,-10.779942679396056
263,595,150,-4.662399832583792
263,3361,150,-10.602691286179189
263,604,150,-10.605124381657914
263,4175,150,3.877709369090213
263,2852,150,0.0850003596917136
4175,3297,150,-0.3651404615245397
4175,595,150,-10.628880936200352
4175,3361,150,-4.646925245390516
4175,2852,150,-3.521613914483483
2852,3297,150,-3.6227459177271935
2852,595,150,-9.177189556487503
2852,3361,150,-14.985169418846034
4176,1938,150,-5.292090035219005
4176,642,150,-3.9053454728989374
4176,2088,150,-7.73209146295049
4176,4174,150,-6.352950473158483
4176,3297,150,4.436465872998095
4176,595,150,-9.8664770193576
4176,4172,150,-2.657110566977843
4176,3361,150,-6.298973904160533
4176,604,150,-6.721756833046691
4176,263,150,-2.4045261872817223
4176,4175,150,-5.642386673267532
4176,2852,150,0.9668243099436016
1938,3297,177,-3.2254315084086875
1938,595,177,-3.31923842548367
1938,3361,177,-5.169522705462808
1938,4175,177,-6.483982127483966
1938,2852,177,-9.708497548649344
642,1938,177,-3.378819197188813
642,3297,177,-4.940225196783407
642,595,177,-5.351697893976389
642,3361,177,-4.497190029181123
642,4175,177,-1.9147027997739647
642,2852,177,-9.781594716435688
555,1938,177,-10.316764641539844
555,642,177,-9.34429859049177
555,2088,177,-10.918019728082204
555,4174,177,-15.22095042167066
555,3297,177,3.518147340676064
555,595,177,-10.182684205243037
555,4172,177,-19.032512674262
555,307,177,-15.340403228889835
555,3361,177,1.587533641296211
555,604,177,-13.615196364162175
555,263,177,-6.691723053940591
555,4175,177,-13.036759640205094
555,2852,177,-3.045858052025858
555,4176,177,-2.0080882962624083
4173,1938,177,-4.24207223539416
4173,642,177,-7.398933902754184
4173,555,177,-0.2395775262211
4173,340,177,-14.60650010021935
4173,2088,177,-10.682577160269991
4173,4174,177,-11.409408525344292
4173,430,177,-11.219546859459395
4173,377,177,-42.48964739309681
4173,3297,177,2.294739426227815
4173,595,177,-6.244281229557583
4173,4172,177,-13.606456605835804
4173,307,177,-17.358494766233676
4173,3361,177,-0.7413475222353123
4173,604,177,-9.349380008914546
4173,263,177,2.9882168056409264
4173,4175,177,-13.56950652267419
4173,2852,177,-2.7934407821516
4173,4176,177,-4.319205256019113
340,1938,177,-1.6809362819429354
340,642,177,0.4866887475948485
340,555,177,-10.947843609834244
340,2088,177,2.776310127769908
340,4174,177,8.711129068934587
340,430,177,-2.8640566278936643
340,377,177,30.604400685538327
340,3297,177,-5.338310583950079
340,595,177,1.83718456486532
340,4172,177,1.7380976584311914
340,307,177,6.852585521595582
340,3361,177,-6.114087654657508
340,604,177,-0.5998485071239681
340,263,177,-7.844597130630075
340,4175,177,12.576531209541995
340,2852,177,-13.75693446662314
340,4176,177,-22.811527681787823
2088,1938,177,-6.43044161093634
2088,642,177,-9.819730711381716
2088,4174,177,3.371231858404564
2088,3297,177,-6.574238074738742
2088,595,177,-3.4908461773525183
2088,3361,177,-5.255465764446521
2088,604,177,-8.548403613882636
2088,263,177,-10.507539511159596
2088,4175,177,0.3680380015062444
2088,2852,177,-11.18112891546648
4174,1938,177,-6.248972390234881
4174,642,177,-9.746227615542471
4174,3297,177,-10.404839298140418
4174,595,177,-3.3592921384521848
4174,3361,177,-7.069526796582134
4174,604,177,-7.406727948940633
4174,263,177,-12.283483195145184
4174,4175,177,-0.1997184205493864
4174,2852,177,-10.814775548939418
430,1938,177,-7.387105212651717
430,642,177,-3.270268233819099
430,555,177,-13.553397949375874
430,2088,177,-7.687678733956122
430,4174,177,-8.045920400708114
430,3297,177,-9.538054578460471
430,595,177,-6.693720215701152
430,4172,177,-12.598742680425216
430,307,177,-5.728833131199592
430,3361,177,-5.603348653097553
430,604,177,-10.701757664329602
430,263,177,-9.22405451937722
430,4175,177,2.8634882539799427
430,2852,177,-12.97378554747267
430,4176,177,-22.490845418471075
377,1938,177,-1.1244435092726202
377,642,177,-2.7423498194414027
377,555,177,-13.723155542920589
377,2088,177,0.1646789665970124
377,4174,177,1.6560643649530369
377,430,177,-1.941413488405569
377,3297,177,-6.4062014716327536
377,595,177,-3.236996379713176
377,4172,177,-1.3032606548372
377,307,177,6.4858620351261775
377,3361,177,-3.4766974666719905
377,604,177,-5.507651545652629
377,263,177,-7.232777013169496
377,4175,177,10.970967341119852
377,2852,177,-14.070842969272388
377,4176,177,-22.563948420069288
3297,595,177,-10.39443312234218
3297,3361,177,3.618250896327335
595,3361,177,-5.457715078306567
4172,1938,177,-12.932674122280057
4172,642,177,-11.15549936203047
4172,2088,177,-2.212537398837524
4172,4174,177,-6.93642486331689
4172,3297,177,-12.139483082353292
4172,595,177,-8.402135014966323
4172,3361,177,-7.491692652158675
4172,604,177,-10.638612609856786
4172,263,177,-13.511836238649538
4172,4175,177,-6.777237904633025
4172,2852,177,-13.852032627866958
307,1938,177,-7.617236135465479
307,642,177,-5.56014984155938
307,555,177,-3.6157837310235528
307,4173,177,-13.474382134270684
307,2088,177,-1.7807364089858082
307,4174,177,-4.0899900613775
307,377,177,-4.227615097897426
307,3297,177,-13.216891745689145
307,595,177,-8.027274811970102
307,4172,177,-9.919243986939398
307,3361,177,-11.153168991272809
307,604,177,-9.015040583605728
307,263,177,-13.17384590458542
307,4175,177,1.4804581237267125
307,2852,177,-15.739549321287294
307,4176,177,-28.14174938125234
604,1938,177,-3.9409237400220136
604,642,177,-2.7419927980411583
604,3297,177,-8.629534369309443
604,595,177,-8.1145582020503
604,3361,177,-6.717003852927354
604,4175,177,-9.668278264852676
604,2852,177,-11.708215021090686
263,1938,177,-7.686958087338036
263,642,177,-8.375804550773033
263,3297,177,-4.568794778253956
263,595,177,-5.783717700497228
263,3361,177,-1.8739298531415496
263,604,177,-7.857656636313997
263,4175,177,-8.722442066060179
263,2852,177,0.1809261057815713
4175,3297,177,-4.336081173833399
4175,595,177,-5.089384771793558
4175,3361,177,-7.409282657206671
4175,2852,177,-16.57705987054699
2852,3297,177,-3.092113477737807
2852,595,177,-9.126043886995364
2852,3361,177,-7.037876775475183
4176,1938,177,-11.869967575728314
4176,642,177,-15.139330830440173
4176,2088,177,-23.760079127435887
4176,4174,177,-26.017146043242384
4176,3297,177,1.5868572822073577
4176,595,177,-12.896460224483922
4176,4172,177,-19.72820294620862
4176,3361,177,-9.761839451197469
4176,604,177,-17.918124699897195
4176,263,177,-6.68632129655503
4176,4175,177,-23.140982081700564
4176,2852,177,-3.016999130231763
1938,3297,103,-2.728115818680903
1938,595,103,-2.01591540316166
1938,3361,103,-9.034052814527524
1938,4175,103,-3.3633298001818464
1938,2852,103,-10.297908973245695
642,1938,103,-3.307844507902588
642,3297,103,-5.343245658906445
642,595,103,-1.2997090695156537
642,3361,103,-9.92475937422227
642,4175,103,3.56410487046459
642,2852,103,-7.690071398363538
555,1938,103,-3.340822732970291
555,642,103,-2.962829456570611
555,2088,103,-6.365527943367249
555,4174,103,-6.376356149386709
555,3297,103,-0.4204099680444749
555,595,103,-6.691896298378261
555,4172,103,-6.614364712183619
555,307,103,8.60692535863412
555,3361,103,2.1325764143516053
555,604,103,-7.184439105749764
555,263,103,-4.662173719773431
555,4175,103,-3.306157439570377
555,2852,103,-2.552794553525935
555,4176,103,-5.413854354849923
4173,1938,103,-1.320554875163869
4173,642,103,-2.051891774378613
4173,555,103,0.492570385955478
4173,340,103,-10.56567332919507
4173,2088,103,0.9999616299641172
4173,4174,103,-7.431969418774408
4173,430,103,0.1594440917653734
4173,377,103,-24.48660043016537
4173,3297,103,-2.6254501713319174
4173,595,103,-5.03397802288857
4173,4172,103,-3.939224071498835
4173,307,103,1.3899490354370252
4173,3361,103,-2.865935106692315
4173,604,103,-3.9407931404817735
4173,263,103,3.0264540449255306
4173,4175,103,-2.189340467741788
4173,2852,103,-3.4941960350592525
4173,4176,103,-6.464451667042729
340,1938,103,-5.709910413837813
340,642,103,4.415224263123561
340,555,103,-8.699172985471487
340,2088,103,-4.898560420005427
340,4174,103,-0.2526574656656474
340,430,103,-0.9192008840616804
340,377,103,13.785230389186726
340,3297,103,-0.8158391589854893
340,595,103,5.346875783937147
340,4172,103,-2.214501599528292
340,307,103,-2.898017072678114
340,3361,103,-4.838925512450144
340,604,103,-5.6117259175396885
340,263,103,-3.3252116496190216
340,4175,103,13.654032422604017
340,2852,103,-8.252846710772744
340,4176,103,-26.117097356303624
2088,1938,103,-5.164355322306718
2088,642,103,-8.413076656180564
2088,4174,103,-2.8113363981411017
2088,3297,103,-0.0754109515663294
2088,595,103,-0.3618636499237762
2088,3361,103,-2.335221342959874
2088,604,103,-8.49226150497456
2088,263,103,-8.753472131734531
2088,4175,103,2.2376446447118736
2088,2852,103,-6.172882307498393
4174,1938,103,-6.599878696534977
4174,642,103,-10.04492503607303
4174,3297,103,-4.537691886282599
4174,595,103,1.680938675331408
4174,3361,103,-5.901544685795345
4174,604,103,-10.19170497910612
4174,263,103,-9.761078800049646
4174,4175,103,2.621875731766707
4174,2852,103,-10.350258341924476
430,1938,103,-8.703084888143529
430,642,103,-5.423642538822106
430,555,103,-8.489989870355064
430,2088,103,-4.761658790299888
430,4174,103,-7.529976681247997
430,3297,103,-1.1214878103054802
430,595,103,-5.194964969076885
430,4172,103,-1.304618084361983
430,307,103,-5.540674604428631
430,3361,103,-2.2702552574545973
430,604,103,-8.457399484097625
430,263,103,-0.4723830664841367
430,4175,103,6.4307218550419565
430,2852,103,-8.38559089529799
430,4176,103,-16.82215639265012
377,1938,103,-7.165765169000161
377,642,103,-3.837244830933957
377,555,103,-11.228463428422454
377,2088,103,-9.68640565136582
377,4174,103,-5.328910146725117
377,430,103,-7.62475424353892
377,3297,103,-2.765278142187875
377,595,103,-2.724945158343338
377,4172,103,-4.708037624140723
377,307,103,-2.3306099822922866
377,3361,103,-10.085160561833709
377,604,103,-16.228020720694687
377,263,103,-4.885278614093068
377,4175,103,7.8479435920881855
377,2852,103,-17.894501164737353
377,4176,103,-28.8170656250493
3297,595,103,-1.664359947854655
3297,3361,103,5.646397017575936
595,3361,103,-4.497988878927836
4172,1938,103,-9.97006059855859
4172,642,103,-7.939670956973618
4172,2088,103,3.674543874919941
4172,4174,103,-3.0896958656753566
4172,3297,103,-4.422631437341513
4172,595,103,-4.72146230661054
4172,3361,103,2.5253490078848446
4172,604,103,-5.571222935877275
4172,263,103,-9.803280574388364
4172,4175,103,1.0058319885739324
4172,2852,103,-2.45664636954667
307,1938,103,1.02428094547356
307,642,103,0.3755709183238473
307,555,103,9.821243525662156
307,4173,103,2.7650434474387464
307,2088,103,5.911928100246287
307,4174,103,-2.850568035648364
307,377,103,-2.805319445501101
307,3297,103,4.186020344202755
307,595,103,-5.487162706895593
307,4172,103,1.4223703546151545
307,3361,103,3.745750840971967
307,604,103,1.224465017172074
307,263,103,2.33102111618993
307,4175,103,1.435471245772133
307,2852,103,-0.9387832687358432
307,4176,103,-10.56395748700886
604,1938,103,-4.18366124904781
604,642,103,-2.9423454805916243
604,3297,103,-3.595141809487066
604,595,103,-8.792310643897723
604,3361,103,-7.257075654282132
604,4175,103,-7.262533015456394
604,2852,103,-10.55422534785134
263,1938,103,-1.3115187415556229
263,642,103,-10.776765455490304
263,3297,103,-4.429218512676079
263,595,103,1.0459273832204594
263,3361,103,-2.961184187801944
263,604,103,-5.831706856715094
263,4175,103,1.38611233810198
263,2852,103,-1.91954308209008
4175,3297,103,6.667973921690632
4175,595,103,1.7767611089860225
4175,3361,103,1.3175006302943006
4175,2852,103,-5.99562985313385
2852,3297,103,-3.559698212802761
2852,595,103,-6.519928183411629
2852,3361,103,-5.359095389354481
4176,1938,103,-11.83996218575866
4176,642,103,-16.219172207251294
4176,2088,103,-7.725119369819217
4176,4174,103,-25.2609983946424
4176,3297,103,1.4828896253584305
4176,595,103,-22.59388421638868
4176,4172,103,-9.19884458345918
4176,3361,103,-8.741812383603788
4176,604,103,-10.201443141451549
4176,263,103,-7.674091000704427
4176,4175,103,-13.244736865642038
4176,2852,103,-0.908239277936435
1938,3297,12,-11.4155800437229
1938,595,12,-6.966597740643455
1938,3361,12,-9.49019395939556
1938,4175,12,-5.968052513416075
1938,2852,12,-7.478488288077671
642,1938,12,-5.83953478141007
642,3297,12,-16.92584394735067
642,595,12,-1.30146812049777
642,3361,12,-6.119549278901251
642,4175,12,-0.5328979697486
642,2852,12,-9.267617282787365
555,1938,12,0.4499164368854068
555,642,12,2.224428384925195
555,2088,12,2.3572463726118897
555,4174,12,-4.974394727260986
555,3297,12,1.7305265947762298
555,595,12,1.265005105504615
555,4172,12,6.216953580089115
555,307,12,1.7110780272194803
555,3361,12,3.7923882489940848
555,604,12,-2.12166960370737
555,263,12,-4.377445051664385
555,4175,12,3.54098188925708
555,2852,12,-1.097045355539347
555,4176,12,-2.66927895472999
4173,1938,12,-5.642429290654
4173,642,12,-10.91065359009049
4173,555,12,1.2519058827000185
4173,340,12,-12.275023609188722
4173,2088,12,-3.531040665751205
4173,4174,12,-1.5399693087187751
4173,430,12,-4.04668043456806
4173,377,12,-35.72854217147215
4173,3297,12,-7.961137519902691
4173,595,12,-8.526693405778357
4173,4172,12,-5.071046760031541
4173,307,12,-14.672480072204198
4173,3361,12,-10.85489229623337
4173,604,12,-11.85208510268291
4173,263,12,-1.2515643491541155
4173,4175,12,-2.711415783463075
4173,2852,12,-7.13464454616954
4173,4176,12,-7.981873850774795
340,1938,12,-9.420938265190834
340,642,12,0.92449824015407
340,555,12,4.145960417838385
340,2088,12,-8.735586442763045
340,4174,12,4.25699130132689
340,430,12,-1.4506158133268
340,377,12,14.232562964919447
340,3297,12,-9.427014016486655
340,595,12,-2.55908047991565
340,4172,12,-2.08373306841067
340,307,12,11.317387167587636
340,3361,12,-7.304258048491651
340,604,12,-5.569255844660805
340,263,12,-9.1206913899921
340,4175,12,6.562801272345842
340,2852,12,-12.615183603791277
340,4176,12,-16.15678887511135
2088,1938,12,-7.30253876670215
2088,642,12,-5.423734493652501
2088,4174,12,-1.2394411345019254
2088,3297,12,-7.01943667615584
2088,595,12,5.314366559950375
2088,3361,12,4.03521606623125
2088,604,12,-6.432593757907715
2088,263,12,-5.9489825057483845
2088,4175,12,8.124956661284186
2088,2852,12,-4.84244186953284
4174,1938,12,-10.830622619731663
4174,642,12,-5.8175556337252
4174,3297,12,-12.002879169761153
4174,595,12,1.527144602700895
4174,3361,12,-6.248395633513716
4174,604,12,-12.7697424099959
4174,263,12,-6.63611682505916
4174,4175,12,4.234702164733145
4174,2852,12,-0.7462428164048855
430,1938,12,-15.05463227221555
430,642,12,-6.54693461511872
430,555,12,-5.9604425857597
430,2088,12,-6.972906599110765
430,4174,12,-4.15863425232534
430,3297,12,-15.00162959700005
430,595,12,0.3055329384970076
430,4172,12,-3.87532993002018
430,307,12,1.560269309302747
430,3361,12,-7.547498953959865
430,604,12,-6.591993459501374
430,263,12,-5.98298646028001
430,4175,12,1.870490729125315
430,2852,12,-11.965293264093804
430,4176,12,-13.05499047708595
377,1938,12,-21.1999449660943
377,642,12,-8.016094211161754
377,555,12,-8.90453031882392
377,2088,12,-22.110707787669
377,4174,12,-5.58214109562754
377,430,12,-13.1640829794555
377,3297,12,-21.61379542530115
377,595,12,-7.547716553392231
377,4172,12,-8.96540656514265
377,307,12,7.736453615699305
377,3361,12,-6.77812004927236
377,604,12,-17.4261641427217
377,263,12,-17.83428313490305
377,4175,12,-5.4534219413321
377,2852,12,-19.211079013011897
377,4176,12,-35.3521523694969
3297,595,12,-7.730967972840929
3297,3361,12,-4.579283772516045
595,3361,12,8.952753646232136
4172,1938,12,-13.5867318305077
4172,642,12,-1.397979397404325
4172,2088,12,4.96613137743106
4172,4174,12,-2.273526239476275
4172,3297,12,-8.388189676036504
4172,595,12,-3.860190718516395
4172,3361,12,-4.858011786718561
4172,604,12,-10.040202128540194
4172,263,12,-8.3589694759319
4172,4175,12,-1.5487411834722449
4172,2852,12,-0.84379089852314
307,1938,12,-18.8209734265671
307,642,12,4.224500430966995
307,555,12,-0.6833978036632942
307,4173,12,-9.678039376175777
307,2088,12,-2.222467844571
307,4174,12,1.2349748648385694
307,377,12,-4.89010166484476
307,3297,12,-6.134921404770578
307,595,12,-5.295759461933815
307,4172,12,-4.109581930334405
307,3361,12,-9.432653762726815
307,604,12,-17.8006618025075
307,263,12,-10.087413675636236
307,4175,12,-6.33802430853993
307,2852,12,-17.6691397497371
307,4176,12,-23.348017425810752
604,1938,12,-10.4309505506346
604,642,12,-2.69037332634466
604,3297,12,-14.5408727061337
604,595,12,-5.186230226477275
604,3361,12,-5.940324740291105
604,4175,12,-5.437570058844934
604,2852,12,-10.98807650949987
263,1938,12,-8.82293477373733
263,642,12,-13.3421068158801
263,3297,12,-12.972768215554751
263,595,12,-0.4752749020645014
263,3361,12,-3.113875089864196
263,604,12,-10.062769544493008
263,4175,12,4.656770467107175
263,2852,12,-6.565647536382549
4175,3297,12,-9.43986369593437
4175,595,12,13.320161084457752
4175,3361,12,-3.29799005894071
4175,2852,12,-8.495120005322711
2852,3297,12,-4.73644509088201
2852,595,12,-6.1127833878612
2852,3361,12,-8.646286680409
4176,1938,12,-11.463446477673656
4176,642,12,-13.455574424360517
4176,2088,12,-8.5233671749158
4176,4174,12,-8.522189307192825
4176,3297,12,-2.983642390271985
4176,595,12,-11.82940257287635
4176,4172,12,-7.6813571700496
4176,3361,12,-12.48735211527992
4176,604,12,-7.280953214041325
4176,263,12,-3.701141507043745
4176,4175,12,-12.57304213452265
4176,2852,12,-1.11454135212617
1938,3297,2,-3.4944283362550905
1938,595,2,-6.008561839353362
1938,3361,2,-10.471841880627746
1938,4175,2,-2.6785891507930915
1938,2852,2,-9.361189349163729
642,1938,2,-0.5228036363616555
642,3297,2,-6.491539803493076
642,595,2,-6.204247633595699
642,3361,2,-7.973906229178769
642,4175,2,3.302735664517547
642,2852,2,-9.717607836801792
555,1938,2,-7.977657465393688
555,642,2,-2.5703131823563186
555,2088,2,-11.58096747757673
555,4174,2,-8.438292956489777
555,3297,2,-4.064453413613011
555,595,2,-3.892642807246762
555,4172,2,-8.25929272727551
555,307,2,-2.252404426175075
555,3361,2,-1.867522903402684
555,604,2,-8.875894074887059
555,263,2,-8.443243005728101
555,4175,2,-5.698710856320071
555,2852,2,-8.01898034704614
555,4176,2,-8.65170480698129
4173,1938,2,-4.880222511992519
4173,642,2,-6.134569197883612
4173,555,2,-2.94965053759103
4173,340,2,-11.873647481747565
4173,2088,2,-13.895193597465203
4173,4174,2,-6.778032669917711
4173,430,2,-1.6550879707799062
4173,377,2,-19.42968094952004
4173,3297,2,-7.485155252312699
4173,595,2,-1.849919263482068
4173,4172,2,-9.441711914943582
4173,307,2,-1.846087058746768
4173,3361,2,-7.751752297949986
4173,604,2,-7.135411000716558
4173,263,2,-1.3043241473829736
4173,4175,2,-9.371885552939675
4173,2852,2,-3.1735480194430625
4173,4176,2,-4.2060595407276935
340,1938,2,-4.600956701352104
340,642,2,2.131896994261937
340,555,2,-6.491619758904231
340,2088,2,3.47557970522094
340,4174,2,3.215521087868632
340,430,2,-5.399019995103613
340,377,2,8.450048133679974
340,3297,2,-0.8181431149731836
340,595,2,-0.8716063423330173
340,4172,2,5.717147938009172
340,307,2,1.379324890259639
340,3361,2,0.8515594978237706
340,604,2,-3.8584192384008418
340,263,2,-5.468367752114842
340,4175,2,18.313947695947
340,2852,2,-6.488186307402528
340,4176,2,-26.477758469323074
2088,1938,2,-12.394435900199896
2088,642,2,-10.499757444421718
2088,4174,2,-1.6997402658703062
2088,3297,2,-9.495571770407016
2088,595,2,-3.768498273375345
2088,3361,2,-4.252255072882855
2088,604,2,-13.47372374985876
2088,263,2,-14.191815159971677
2088,4175,2,5.456062387334652
2088,2852,2,-13.451905564709818
4174,1938,2,-10.489352390787976
4174,642,2,-9.567070461616144
4174,3297,2,-7.138483308147374
4174,595,2,-5.653594425555331
4174,3361,2,-4.056894099387511
4174,604,2,-12.83706842693102
4174,263,2,-12.952296691085827
4174,4175,2,4.88326389477442
4174,2852,2,-10.728444898600516
430,1938,2,-7.566759706156582
430,642,2,-6.227731930229149
430,555,2,-9.207778170941433
430,2088,2,-17.44897872499009
430,4174,2,-12.219162314711332
430,3297,2,-3.649366517679816
430,595,2,-6.386027001951202
430,4172,2,-6.241010126488076
430,307,2,2.289324061523474
430,3361,2,-3.502968050840357
430,604,2,-8.191623660073855
430,263,2,-4.184780652754559
430,4175,2,2.6730538205564334
430,2852,2,-10.244596864683135
430,4176,2,-8.802100961050174
377,1938,2,-8.748914926965643
377,642,2,-5.8224673807268905
377,555,2,-10.487232602574045
377,2088,2,1.4878344784075794
377,4174,2,-5.658061885559798
377,430,2,-14.60243830591806
377,3297,2,-8.090238871836199
377,595,2,-7.083352706370255
377,4172,2,-1.5282473770598863
377,307,2,2.9031621237363745
377,3361,2,-3.330564101395315
377,604,2,-15.201306944054911
377,263,2,-8.731706224414934
377,4175,2,13.734704089117937
377,2852,2,-13.037968948760302
377,4176,2,-29.4759650485216
3297,595,2,-4.068134892313987
3297,3361,2,2.955572881545608
595,3361,2,-3.4587737146590203
4172,1938,2,-12.42662920579675
4172,642,2,-6.957011608197758
4172,2088,2,2.245644339341688
4172,4174,2,-3.4352469767352143
4172,3297,2,-1.8560428602229768
4172,595,2,-6.963340294130822
4172,3361,2,5.414711196712949
4172,604,2,-10.603900030819048
4172,263,2,-15.01988611422397
4172,4175,2,7.774576865140295
4172,2852,2,-3.5346586110026053
307,1938,2,-8.463683896194501
307,642,2,-2.8082769687428124
307,555,2,-1.6701079652651611
307,4173,2,-1.7648497523087323
307,2088,2,0.8738517658744025
307,4174,2,-1.7657998528697505
307,377,2,-10.548079848238656
307,3297,2,4.4495736118087645
307,595,2,-4.48194007610164
307,4172,2,1.77201779839785
307,3361,2,2.811286845582814
307,604,2,-6.357761098836377
307,263,2,-4.84170428924559
307,4175,2,3.6848441285225215
307,2852,2,-3.699514967640695
307,4176,2,-14.153063482318288
604,1938,2,-5.809228816556702
604,642,2,-4.335258782947451
604,3297,2,-8.021930577912382
604,595,2,-7.505745962177231
604,3361,2,-7.814404292397191
604,4175,2,-7.333942933948295
604,2852,2,-9.078632521531937
263,1938,2,-4.495344128619858
263,642,2,-11.79491834018692
263,3297,2,-9.129592569157516
263,595,2,-0.1571439580634636
263,3361,2,-8.76300253448587
263,604,2,-6.214865162907317
263,4175,2,-5.125624365074744
263,2852,2,-5.656498820317116
4175,3297,2,2.1872793587144965
4175,595,2,-5.870840771988795
4175,3361,2,6.759658376837854
4175,2852,2,-8.507406609673263
2852,3297,2,-2.0665409932288306
2852,595,2,-5.266027273758873
2852,3361,2,-5.137098084057991
4176,1938,2,-11.728226275658097
4176,642,2,-23.632754110553336
4176,2088,2,-28.185875267313488
4176,4174,2,-23.938624315714424
4176,3297,2,-6.641989435131404
4176,595,2,-11.472268172366269
4176,4172,2,-17.979626663099072
4176,3361,2,-16.943664336818586
4176,604,2,-12.005284994778783
4176,263,2,-11.26492890284464
4176,4175,2,-24.92619342663593
4176,2852,2,2.1561119579249044
1938,3297,60,-2.008423451803562
1938,595,60,-2.993494068281802
1938,3361,60,-9.04993707985155
1938,4175,60,-6.000849740112934
1938,2852,60,-6.605309069094113
642,1938,60,-4.844549876703759
642,3297,60,-7.7288055191033775
642,595,60,-3.0192861422366457
642,3361,60,-7.607378083798766
642,4175,60,6.243293791053419
642,2852,60,-9.813158868450442
555,1938,60,-7.674215002989716
555,642,60,-6.858793885038512
555,2088,60,-11.45555235821169
555,4174,60,-11.953612077336809
555,3297,60,-0.2238610948841821
555,595,60,-5.6834260494150985
555,4172,60,-6.630422030173557
555,307,60,-0.6755392016930982
555,3361,60,-4.088471120372907
555,604,60,-15.793446320994734
555,263,60,-12.961206387636851
555,4175,60,-9.389978153514203
555,2852,60,-4.245806495744469
555,4176,60,-3.1286882577008988
4173,1938,60,-0.2397706850275731
4173,642,60,-7.273605937263579
4173,555,60,-0.9317906044712811
4173,340,60,-13.87032257970998
4173,2088,60,-9.884678624381609
4173,4174,60,-11.560735712209135
4173,430,60,-5.889995090103316
4173,377,60,-42.266953667110265
4173,3297,60,-0.5908598270687776
4173,595,60,-9.198167532597846
4173,4172,60,-1.8492448938637616
4173,307,60,-0.0338199982546043
4173,3361,60,-10.720892957797282
4173,604,60,-14.90162439725453
4173,263,60,-0.1891906885523447
4173,4175,60,-3.885548618468305
4173,2852,60,-4.74000972868499
4173,4176,60,-5.043253341720442
340,1938,60,-6.9605917165579765
340,642,60,-1.193847624422793
340,555,60,-11.451562849629886
340,2088,60,1.5003839941531862
340,4174,60,0.7825583682987108
340,430,60,-3.086858067698647
340,377,60,24.127230007754225
340,3297,60,-4.712182649258747
340,595,60,-5.433352890227736
340,4172,60,-3.639036959315921
340,307,60,0.1315061874755628
340,3361,60,-6.591820217016736
340,604,60,-4.466176769038086
340,263,60,-8.400565341549218
340,4175,60,13.93225012207956
340,2852,60,-9.235586045788873
340,4176,60,-20.11946424199091
2088,1938,60,-5.831604736978815
2088,642,60,-2.378552790165764
2088,4174,60,1.7268078270408944
2088,3297,60,-1.543849980674293
2088,595,60,-2.0308018845974334
2088,3361,60,-2.354002610285771
2088,604,60,-3.1401875874254968
2088,263,60,-10.761564059736392
2088,4175,60,1.9273446223832933
2088,2852,60,-8.842784948665365
4174,1938,60,-9.471320505459548
4174,642,60,-10.051992245557676
4174,3297,60,-6.620861453017873
4174,595,60,-2.8270946006912334
4174,3361,60,-9.086428619913343
4174,604,60,-6.768017385078354
4174,263,60,-14.712357571531276
4174,4175,60,3.131835799110817
4174,2852,60,-9.96393083755232
430,1938,60,-11.06468349733168
430,642,60,-7.125297448513879
430,555,60,-12.964277370301408
430,2088,60,2.158031675190077
430,4174,60,-10.303326161277038
430,3297,60,-4.326677801555558
430,595,60,-5.452583538327298
430,4172,60,-4.1186019809161
430,307,60,-3.9587273531483977
430,3361,60,-5.266557437394098
430,604,60,-7.830414276774658
430,263,60,-9.702265998114829
430,4175,60,10.651826415853105
430,2852,60,-9.391113382973396
430,4176,60,-14.9930023968504
377,1938,60,-9.949827422824232
377,642,60,-6.1163741704745895
377,555,60,-12.982077416584168
377,2088,60,0.6762131616257836
377,4174,60,-5.992120954039406
377,430,60,-6.524451726384905
377,3297,60,-5.327601835823758
377,595,60,-11.171523118819191
377,4172,60,-7.450446280615328
377,307,60,-0.2107456153444988
377,3361,60,-9.17947528263573
377,604,60,-9.563120170661184
377,263,60,-11.048651945679437
377,4175,60,8.852263331525682
377,2852,60,-18.18893191356748
377,4176,60,-29.64262051713684
3297,595,60,-6.085381566413311
3297,3361,60,1.6073567956593235
595,3361,60,-7.220625663090559
4172,1938,60,-8.206320729420614
4172,642,60,-8.08121309761133
4172,2088,60,1.591226402133055
4172,4174,60,-9.902073871547609
4172,3297,60,-1.740014505837541
4172,595,60,-2.695855908728876
4172,3361,60,-1.477819947723917
4172,604,60,-6.794053196001506
4172,263,60,-9.77526601405089
4172,4175,60,3.6234887051103226
4172,2852,60,-4.435506456977178
307,1938,60,-4.040499409334194
307,642,60,-2.6734016094042112
307,555,60,22.26434114813196
307,4173,60,1.606676293740868
307,2088,60,2.77688668113246
307,4174,60,-3.9932827970901856
307,377,60,-12.273082728239832
307,3297,60,6.168188689609961
307,595,60,-3.803116123812192
307,4172,60,3.593486279605937
307,3361,60,-2.571310197382957
307,604,60,-7.225474721617575
307,263,60,-6.947333535526738
307,4175,60,3.303217241825714
307,2852,60,-7.627881293581872
307,4176,60,-10.13148446341523
604,1938,60,-5.554074010871007
604,642,60,-4.8055740013008
604,3297,60,-4.599602381492443
604,595,60,-1.3565402969886604
604,3361,60,-7.987468511989306
604,4175,60,-5.744960034759334
604,2852,60,-8.77004629026836
263,1938,60,-7.850483782127712
263,642,60,-11.273639924489284
263,3297,60,-6.167771829643174
263,595,60,-4.105984883031091
263,3361,60,-6.501063313608833
263,604,60,-10.512234830923552
263,4175,60,-2.957401764121334
263,2852,60,-5.231822474930181
4175,3297,60,10.783853679970823
4175,595,60,-1.460472880205471
4175,3361,60,3.610884782056645
4175,2852,60,-5.057540315884105
2852,3297,60,-0.5115712312417904
2852,595,60,-8.604611167115753
2852,3361,60,-7.891370363571525
4176,1938,60,-9.078210934251144
4176,642,60,-13.294621957854837
4176,2088,60,-19.94697440894052
4176,4174,60,-17.923894537892025
4176,3297,60,-0.2427083337468563
4176,595,60,-17.296066699493966
4176,4172,60,-9.421910168384883
4176,3361,60,-15.878769419078496
4176,604,60,-15.352159182492471
4176,263,60,-4.675024804282794
4176,4175,60,-8.441793486060174
4176,2852,60,-1.5156830845691431
1938,3297,116,-6.2013890595768775
1938,595,116,-10.56156816625628
1938,3361,116,-12.535892642224024
1938,4175,116,-8.597049070280274
1938,2852,116,-10.285226143042529
642,1938,116,-6.03989812057838
642,3297,116,-12.727816284795445
642,595,116,-7.7168733444795965
642,3361,116,-8.696872813609039
642,4175,116,9.018703729565033
642,2852,116,-12.28065989148774
555,1938,116,-9.119052680176818
555,642,116,-8.768400054670154
555,2088,116,-14.223730278398424
555,4174,116,-11.894457754858312
555,3297,116,-1.2999254369656794
555,595,116,-10.607014912424686
555,4172,116,-7.533056371050407
555,307,116,-2.414520509988061
555,3361,116,-2.996430128452048
555,604,116,-17.207899560805274
555,263,116,-11.15328638003936
555,4175,116,-9.901207414951177
555,2852,116,-0.4441905734195211
555,4176,116,-3.607281041392336
4173,1938,116,-7.1698704364149
4173,642,116,-9.882799058774646
4173,555,116,-0.5187249170149034
4173,340,116,-18.168281473886964
4173,2088,116,-12.655944719305165
4173,4174,116,-12.492115570756091
4173,430,116,-8.576131754071046
4173,377,116,-52.70271218242171
4173,3297,116,-4.95657431908643
4173,595,116,-12.689311729451385
4173,4172,116,-4.4728539455973655
4173,307,116,-3.85646638427397
4173,3361,116,-6.320314679737611
4173,604,116,-18.95667220719614
4173,263,116,-9.10352077180982
4173,4175,116,-12.290283213666616
4173,2852,116,-1.5132670538569188
4173,4176,116,-4.610093894227412
340,1938,116,-7.055218275900437
340,642,116,1.3992612843586296
340,555,116,-13.040090465581288
340,2088,116,0.944762032952063
340,4174,116,-0.3506682581991291
340,430,116,-4.672083341243958
340,377,116,34.75508716621566
340,3297,116,-6.4403648482195495
340,595,116,-3.10220573383776
340,4172,116,-6.517518359629987
340,307,116,-5.193583451623205
340,3361,116,-5.615029432444253
340,604,116,-0.1678287426194096
340,263,116,-3.552973646132775
340,4175,116,22.4568043980518
340,2852,116,-18.07040495393795
340,4176,116,-24.74203777782075
2088,1938,116,-9.138250076169284
2088,642,116,-12.378067147735496
2088,4174,116,-3.6677207661436566
2088,3297,116,-3.985574887020992
2088,595,116,-1.7904777878843334
2088,3361,116,-5.174632402982785
2088,604,116,-10.774804479252476
2088,263,116,-6.927705506119695
2088,4175,116,14.22231226287563
2088,2852,116,-11.96044409052888
4174,1938,116,-8.678036451097151
4174,642,116,-13.155384454472856
4174,3297,116,-11.80078050831317
4174,595,116,-3.11898367892389
4174,3361,116,-7.6134434009217
4174,604,116,-14.445615170536207
4174,263,116,-9.69791086583395
4174,4175,116,10.686315147087669
4174,2852,116,-11.445627726903083
430,1938,116,-6.377122232742171
430,642,116,-7.197723039825602
430,555,116,-13.069554579732364
430,2088,116,-6.37140410292942
430,4174,116,-11.734798219875788
430,3297,116,-4.851938316159254
430,595,116,-12.89560338046936
430,4172,116,-6.454075089447064
430,307,116,0.2827451314967349
430,3361,116,-2.5826891164084924
430,604,116,-15.340137355045236
430,263,116,-5.850663729718472
430,4175,116,10.512313407254682
430,2852,116,-12.402094455053
430,4176,116,-16.55962874587045
377,1938,116,-6.3945299816067145
377,642,116,-5.0158765949032365
377,555,116,-14.915301501184812
377,2088,116,-1.691733547706421
377,4174,116,-7.76653512608373
377,430,116,-8.668907929813827
377,3297,116,-5.427646784834107
377,595,116,-6.356090938940048
377,4172,116,-8.088890690860852
377,307,116,4.235937273035391
377,3361,116,-6.8969970826449005
377,604,116,-6.804539217254551
377,263,116,-4.128087655326813
377,4175,116,18.457169573656152
377,2852,116,-21.41158974486028
377,4176,116,-27.153694027142564
3297,595,116,-9.242117485541332
3297,3361,116,5.14973938802725
595,3361,116,-6.48985286825676
4172,1938,116,-14.548514943999956
4172,642,116,-8.258957489868795
4172,2088,116,2.26561296376643
4172,4174,116,-7.419783649379188
4172,3297,116,-6.245430236613075
4172,595,116,-13.0215790518771
4172,3361,116,2.962042551517473
4172,604,116,-15.672010425010214
4172,263,116,-12.310258423505228
4172,4175,116,8.250686555115694
4172,2852,116,-4.830468998673568
307,1938,116,-6.697554335630048
307,642,116,-4.342925748496329
307,555,116,11.998472314858589
307,4173,116,9.417775562641774
307,2088,116,3.416146242236899
307,4174,116,-4.318211564241699
307,377,116,-7.98830572883901
307,3297,116,4.621586434389062
307,595,116,-10.257687648651228
307,4172,116,0.6783919806902758
307,3361,116,2.117811966336711
307,604,116,-11.089446963529117
307,263,116,-6.93324328013517
307,4175,116,8.773921753476927
307,2852,116,-5.213310635744159
307,4176,116,-12.071114196960218
604,1938,116,-8.995327356612187
604,642,116,-9.158733364332011
604,3297,116,-15.882938419919594
604,595,116,-11.6607916571167
604,3361,116,-17.126977446044076
604,4175,116,-2.0565978484579226
604,2852,116,-22.29772267730843
263,1938,116,-5.659970291798108
263,642,116,-8.606581620454142
263,3297,116,-12.18484558911675
263,595,116,-3.0106677454081776
263,3361,116,-7.206537138849024
263,604,116,-13.272751382914022
263,4175,116,4.00707984632212
263,2852,116,-8.076961861895704
4175,3297,116,6.51653476183855
4175,595,116,-2.899256936303737
4175,3361,116,1.8394842255238533
4175,2852,116,-12.828055867187526
2852,3297,116,-2.425506171623793
2852,595,116,-11.801271512709256
2852,3361,116,-8.621036051574006
4176,1938,116,-13.81081844907172
4176,642,116,-18.58697521162628
4176,2088,116,-18.88660536437181
4176,4174,116,-20.203965059636847
4176,3297,116,-6.371363624056764
4176,595,116,-21.796211836190874
4176,4172,116,-10.739591428340454
4176,3361,116,-17.429122161884738
4176,604,116,-21.589365385092755
4176,263,116,-18.202043462575915
4176,4175,116,-25.3042970333589
4176,2852,116,-2.623748839545214
